t,setpoint,omega,u
0.0000,200.0000,3.9139,12.0000
0.0010,200.0000,10.3867,12.0000
0.0020,200.0000,17.0885,12.0000
0.0030,200.0000,23.7128,12.0000
0.0040,200.0000,30.2210,12.0000
0.0050,200.0000,36.6101,12.0000
0.0060,200.0000,42.8814,12.0000
0.0070,200.0000,49.0370,12.0000
0.0080,200.0000,55.0791,12.0000
0.0090,200.0000,61.0098,12.0000
0.0100,200.0000,66.8310,12.0000
0.0110,200.0000,72.5449,12.0000
0.0120,200.0000,78.1534,12.0000
0.0130,200.0000,83.6585,12.0000
0.0140,200.0000,89.0620,12.0000
0.0150,200.0000,94.3659,12.0000
0.0160,200.0000,99.5719,12.0000
0.0170,200.0000,104.6819,12.0000
0.0180,200.0000,109.6977,12.0000
0.0190,200.0000,114.6209,12.0000
0.0200,200.0000,119.4533,12.0000
0.0210,200.0000,124.1966,12.0000
0.0220,200.0000,128.8524,12.0000
0.0230,200.0000,133.4224,12.0000
0.0240,200.0000,137.9080,12.0000
0.0250,200.0000,142.3110,12.0000
0.0260,200.0000,146.6326,12.0000
0.0270,200.0000,150.8747,12.0000
0.0280,200.0000,155.0384,12.0000
0.0290,200.0000,159.1254,12.0000
0.0300,200.0000,163.1370,12.0000
0.0310,200.0000,167.0746,12.0000
0.0320,200.0000,170.9396,12.0000
0.0330,200.0000,174.7332,12.0000
0.0340,200.0000,178.4569,12.0000
0.0350,200.0000,182.1119,12.0000
0.0360,200.0000,185.6995,12.0000
0.0370,200.0000,189.2210,12.0000
0.0380,200.0000,192.6774,12.0000
0.0390,200.0000,196.0702,12.0000
0.0400,200.0000,199.4003,12.0000
0.0410,200.0000,202.6691,12.0000
0.0420,200.0000,204.9634,9.1975
0.0430,200.0000,205.7718,6.6549
0.0440,200.0000,205.5686,5.5580
0.0450,200.0000,205.0195,5.4828
0.0460,200.0000,204.5182,5.7809
0.0470,200.0000,204.1734,6.0562
0.0480,200.0000,203.9473,6.1924
0.0490,200.0000,203.7737,6.2211
0.0500,200.0000,203.6098,6.2061
0.0510,200.0000,203.4418,6.1894
0.0520,200.0000,203.2717,6.1853
0.0530,200.0000,203.1054,6.1919
0.0540,200.0000,202.9469,6.2029
0.0550,200.0000,202.7977,6.2140
0.0560,200.0000,202.6570,6.2234
0.0570,200.0000,202.5239,6.2312
0.0580,200.0000,202.3975,6.2382
0.0590,200.0000,202.2774,6.2447
0.0600,200.0000,202.1632,6.2509
0.0610,200.0000,202.0546,6.2570
0.0620,200.0000,201.9515,6.2628
0.0630,200.0000,201.8536,6.2683
0.0640,200.0000,201.7606,6.2736
0.0650,200.0000,201.6722,6.2785
0.0660,200.0000,201.5883,6.2833
0.0670,200.0000,201.5087,6.2877
0.0680,200.0000,201.4330,6.2920
0.0690,200.0000,201.3611,6.2960
0.0700,200.0000,201.2928,6.2998
0.0710,200.0000,201.2280,6.3035
0.0720,200.0000,201.1664,6.3069
0.0730,200.0000,201.1078,6.3102
0.0740,200.0000,201.0523,6.3133
0.0750,200.0000,200.9995,6.3163
0.0760,200.0000,200.9493,6.3191
0.0770,200.0000,200.9017,6.3218
0.0780,200.0000,200.8565,6.3243
0.0790,200.0000,200.8135,6.3267
0.0800,200.0000,200.7727,6.3290
0.0810,200.0000,200.7339,6.3313
0.0820,200.0000,200.6971,6.3333
0.0830,200.0000,200.6622,6.3353
0.0840,200.0000,200.6289,6.3371
0.0850,200.0000,200.5973,6.3389
0.0860,200.0000,200.5673,6.3406
0.0870,200.0000,200.5388,6.3423
0.0880,200.0000,200.5119,6.3438
0.0890,200.0000,200.4862,6.3452
0.0900,200.0000,200.4618,6.3465
0.0910,200.0000,200.4387,6.3478
0.0920,200.0000,200.4167,6.3491
0.0930,200.0000,200.3958,6.3502
0.0940,200.0000,200.3758,6.3513
0.0950,200.0000,200.3570,6.3525
0.0960,200.0000,200.3392,6.3534
0.0970,200.0000,200.3222,6.3543
0.0980,200.0000,200.3060,6.3552
0.0990,200.0000,200.2906,6.3561
0.1000,200.0000,200.2760,6.3570
0.1010,200.0000,200.2621,6.3578
0.1020,200.0000,200.2490,6.3585
0.1030,200.0000,200.2366,6.3592
0.1040,200.0000,200.2247,6.3598
0.1050,200.0000,200.2133,6.3604
0.1060,200.0000,200.2026,6.3612
0.1070,200.0000,200.1925,6.3618
0.1080,200.0000,200.1828,6.3622
0.1090,200.0000,200.1737,6.3627
0.1100,200.0000,200.1651,6.3632
0.1110,200.0000,200.1567,6.3636
0.1120,200.0000,200.1489,6.3641
0.1130,200.0000,200.1413,6.3645
0.1140,200.0000,200.1343,6.3650
0.1150,200.0000,200.1274,6.3653
0.1160,200.0000,200.1212,6.3658
0.1170,200.0000,200.1151,6.3660
0.1180,200.0000,200.1092,6.3663
0.1190,200.0000,200.1039,6.3667
0.1200,200.0000,200.0985,6.3669
0.1210,200.0000,200.0937,6.3673
0.1220,200.0000,200.0891,6.3675
0.1230,200.0000,200.0845,6.3676
0.1240,200.0000,200.0800,6.3679
0.1250,200.0000,200.0762,6.3684
0.1260,200.0000,200.0724,6.3684
0.1270,200.0000,200.0686,6.3686
0.1280,200.0000,200.0653,6.3690
0.1290,200.0000,200.0623,6.3690
0.1300,200.0000,200.0592,6.3689
0.1310,200.0000,200.0562,6.3690
0.1320,200.0000,200.0531,6.3693
0.1330,200.0000,200.0504,6.3697
0.1340,200.0000,200.0481,6.3699
0.1350,200.0000,200.0458,6.3698
0.1360,200.0000,200.0435,6.3698
0.1370,200.0000,200.0412,6.3699
0.1380,200.0000,200.0389,6.3701
0.1390,200.0000,200.0368,6.3705
0.1400,200.0000,200.0353,6.3708
0.1410,200.0000,200.0338,6.3705
0.1420,200.0000,200.0322,6.3704
0.1430,200.0000,200.0307,6.3703
0.1440,200.0000,200.0292,6.3703
0.1450,200.0000,200.0276,6.3703
0.1460,200.0000,200.0261,6.3705
0.1470,200.0000,200.0246,6.3707
0.1480,200.0000,200.0231,6.3710
0.1490,200.0000,200.0219,6.3714
0.1500,200.0000,200.0211,6.3715
0.1510,200.0000,200.0203,6.3712
0.1520,200.0000,200.0189,6.3709
0.1530,200.0000,200.0180,6.3714
0.1540,200.0000,200.0172,6.3714
0.1550,200.0000,200.0165,6.3713
0.1560,200.0000,200.0157,6.3713
0.1570,200.0000,200.0149,6.3713
0.1580,200.0000,200.0142,6.3713
0.1590,200.0000,200.0134,6.3713
0.1600,200.0000,200.0126,6.3714
0.1610,200.0000,200.0119,6.3715
0.1620,200.0000,200.0111,6.3717
0.1630,200.0000,200.0104,6.3719
0.1640,200.0000,200.0096,6.3722
0.1650,200.0000,200.0096,6.3724
0.1660,200.0000,200.0092,6.3720
0.1670,200.0000,200.0085,6.3719
0.1680,200.0000,200.0081,6.3722
0.1690,200.0000,200.0081,6.3722
0.1700,200.0000,200.0074,6.3718
0.1710,200.0000,200.0067,6.3721
0.1720,200.0000,200.0067,6.3725
0.1730,200.0000,200.0067,6.3722
0.1740,200.0000,200.0061,6.3718
0.1750,200.0000,200.0056,6.3720
0.1760,200.0000,200.0056,6.3724
0.1770,200.0000,200.0056,6.3721
0.1780,200.0000,200.0050,6.3718
0.1790,200.0000,200.0047,6.3721
0.1800,200.0000,200.0047,6.3721
0.1810,200.0000,200.0044,6.3719
0.1820,200.0000,200.0040,6.3720
0.1830,200.0000,200.0040,6.3722
0.1840,200.0000,200.0040,6.3720
0.1850,200.0000,200.0034,6.3718
0.1860,200.0000,200.0032,6.3723
0.1870,200.0000,200.0032,6.3723
0.1880,200.0000,200.0032,6.3721
0.1890,200.0000,200.0032,6.3719
0.1900,200.0000,200.0025,6.3718
0.1910,200.0000,200.0025,6.3723
0.1920,200.0000,200.0025,6.3723
0.1930,200.0000,200.0025,6.3722
0.1940,200.0000,200.0025,6.3720
0.1950,200.0000,200.0025,6.3719
0.1960,200.0000,200.0018,6.3718
0.1970,200.0000,200.0018,6.3723
0.1980,200.0000,200.0018,6.3723
0.1990,200.0000,200.0018,6.3722
0.2000,200.0000,200.0018,6.3721
0.2010,200.0000,200.0018,6.3721
0.2020,200.0000,200.0018,6.3720
0.2030,200.0000,200.0018,6.3719
0.2040,200.0000,200.0011,6.3718
0.2050,200.0000,200.0010,6.3724
0.2060,200.0000,200.0010,6.3724
0.2070,200.0000,200.0010,6.3724
0.2080,200.0000,200.0010,6.3723
0.2090,200.0000,200.0010,6.3723
0.2100,200.0000,200.0010,6.3722
0.2110,200.0000,200.0010,6.3722
0.2120,200.0000,200.0010,6.3721
0.2130,200.0000,200.0010,6.3721
0.2140,200.0000,200.0010,6.3720
0.2150,200.0000,200.0010,6.3720
0.2160,200.0000,200.0010,6.3719
0.2170,200.0000,200.0010,6.3719
0.2180,200.0000,200.0004,6.3718
0.2190,200.0000,200.0003,6.3724
0.2200,200.0000,200.0003,6.3725
0.2210,200.0000,200.0003,6.3724
0.2220,200.0000,200.0003,6.3724
0.2230,200.0000,200.0003,6.3724
0.2240,200.0000,200.0003,6.3724
0.2250,200.0000,200.0003,6.3724
0.2260,200.0000,200.0003,6.3724
0.2270,200.0000,200.0003,6.3723
0.2280,200.0000,200.0003,6.3723
0.2290,200.0000,200.0003,6.3723
0.2300,200.0000,200.0003,6.3723
0.2310,200.0000,200.0003,6.3723
0.2320,200.0000,200.0003,6.3723
0.2330,200.0000,200.0003,6.3722
0.2340,200.0000,200.0003,6.3722
0.2350,200.0000,200.0003,6.3722
0.2360,200.0000,200.0003,6.3722
0.2370,200.0000,200.0003,6.3722
0.2380,200.0000,200.0003,6.3722
0.2390,200.0000,200.0003,6.3721
0.2400,200.0000,200.0003,6.3721
0.2410,200.0000,200.0003,6.3721
0.2420,200.0000,200.0003,6.3721
0.2430,200.0000,200.0003,6.3721
0.2440,200.0000,200.0003,6.3721
0.2450,200.0000,200.0003,6.3720
0.2460,200.0000,200.0003,6.3720
0.2470,200.0000,200.0003,6.3720
0.2480,200.0000,200.0003,6.3720
0.2490,200.0000,200.0003,6.3720
0.2500,200.0000,200.0003,6.3720
0.2510,200.0000,200.0003,6.3719
0.2520,200.0000,200.0003,6.3719
0.2530,200.0000,200.0003,6.3719
0.2540,200.0000,200.0003,6.3719
0.2550,200.0000,200.0003,6.3719
0.2560,200.0000,200.0003,6.3719
0.2570,200.0000,200.0003,6.3718
0.2580,200.0000,200.0000,6.3718
0.2590,200.0000,200.0000,6.3721
0.2600,200.0000,200.0000,6.3721
0.2610,200.0000,200.0000,6.3721
0.2620,200.0000,200.0000,6.3721
0.2630,200.0000,200.0000,6.3721
0.2640,200.0000,200.0000,6.3721
0.2650,200.0000,200.0000,6.3721
0.2660,200.0000,200.0000,6.3721
0.2670,200.0000,200.0000,6.3721
0.2680,200.0000,200.0000,6.3721
0.2690,200.0000,200.0000,6.3721
0.2700,200.0000,200.0000,6.3721
0.2710,200.0000,200.0000,6.3721
0.2720,200.0000,200.0000,6.3721
0.2730,200.0000,200.0000,6.3721
0.2740,200.0000,200.0000,6.3721
0.2750,200.0000,200.0000,6.3721
0.2760,200.0000,200.0000,6.3721
0.2770,200.0000,200.0000,6.3721
0.2780,200.0000,200.0000,6.3721
0.2790,200.0000,200.0000,6.3721
0.2800,200.0000,200.0000,6.3721
0.2810,200.0000,200.0000,6.3721
0.2820,200.0000,200.0000,6.3721
0.2830,200.0000,200.0000,6.3721
0.2840,200.0000,200.0000,6.3721
0.2850,200.0000,200.0000,6.3721
0.2860,200.0000,200.0000,6.3721
0.2870,200.0000,200.0000,6.3721
0.2880,200.0000,200.0000,6.3721
0.2890,200.0000,200.0000,6.3721
0.2900,200.0000,200.0000,6.3721
0.2910,200.0000,200.0000,6.3721
0.2920,200.0000,200.0000,6.3721
0.2930,200.0000,200.0000,6.3721
0.2940,200.0000,200.0000,6.3721
0.2950,200.0000,200.0000,6.3721
0.2960,200.0000,200.0000,6.3721
0.2970,200.0000,200.0000,6.3721
0.2980,200.0000,200.0000,6.3721
0.2990,200.0000,200.0000,6.3721
0.3000,200.0000,200.0000,6.3721
0.3010,200.0000,200.0000,6.3721
0.3020,200.0000,200.0000,6.3721
0.3030,200.0000,200.0000,6.3721
0.3040,200.0000,200.0000,6.3721
0.3050,200.0000,200.0000,6.3721
0.3060,200.0000,200.0000,6.3721
0.3070,200.0000,200.0000,6.3721
0.3080,200.0000,200.0000,6.3721
0.3090,200.0000,200.0000,6.3721
0.3100,200.0000,200.0000,6.3721
0.3110,200.0000,200.0000,6.3721
0.3120,200.0000,200.0000,6.3721
0.3130,200.0000,200.0000,6.3721
0.3140,200.0000,200.0000,6.3721
0.3150,200.0000,200.0000,6.3720
0.3160,200.0000,200.0000,6.3720
0.3170,200.0000,200.0000,6.3720
0.3180,200.0000,200.0000,6.3720
0.3190,200.0000,200.0000,6.3720
0.3200,200.0000,200.0000,6.3720
0.3210,200.0000,200.0000,6.3720
0.3220,200.0000,200.0000,6.3720
0.3230,200.0000,200.0000,6.3720
0.3240,200.0000,200.0000,6.3720
0.3250,200.0000,200.0000,6.3720
0.3260,200.0000,200.0000,6.3720
0.3270,200.0000,200.0000,6.3720
0.3280,200.0000,200.0000,6.3720
0.3290,200.0000,200.0000,6.3720
0.3300,200.0000,200.0000,6.3720
0.3310,200.0000,200.0000,6.3720
0.3320,200.0000,200.0000,6.3720
0.3330,200.0000,200.0000,6.3720
0.3340,200.0000,200.0000,6.3720
0.3350,200.0000,200.0000,6.3720
0.3360,200.0000,200.0000,6.3720
0.3370,200.0000,200.0000,6.3720
0.3380,200.0000,200.0000,6.3720
0.3390,200.0000,200.0000,6.3720
0.3400,200.0000,200.0000,6.3720
0.3410,200.0000,200.0000,6.3720
0.3420,200.0000,200.0000,6.3720
0.3430,200.0000,200.0000,6.3720
0.3440,200.0000,200.0000,6.3720
0.3450,200.0000,200.0000,6.3720
0.3460,200.0000,200.0000,6.3720
0.3470,200.0000,200.0000,6.3720
0.3480,200.0000,200.0000,6.3720
0.3490,200.0000,200.0000,6.3720
0.3500,200.0000,200.0000,6.3720
0.3510,200.0000,200.0000,6.3720
0.3520,200.0000,200.0000,6.3720
0.3530,200.0000,200.0000,6.3720
0.3540,200.0000,200.0000,6.3720
0.3550,200.0000,200.0000,6.3720
0.3560,200.0000,200.0000,6.3720
0.3570,200.0000,200.0000,6.3720
0.3580,200.0000,200.0000,6.3720
0.3590,200.0000,200.0000,6.3720
0.3600,200.0000,200.0000,6.3720
0.3610,200.0000,200.0000,6.3720
0.3620,200.0000,200.0000,6.3720
0.3630,200.0000,200.0000,6.3720
0.3640,200.0000,200.0000,6.3720
0.3650,200.0000,200.0000,6.3720
0.3660,200.0000,200.0000,6.3720
0.3670,200.0000,200.0000,6.3720
0.3680,200.0000,200.0000,6.3720
0.3690,200.0000,200.0000,6.3720
0.3700,200.0000,200.0000,6.3720
0.3710,200.0000,200.0000,6.3720
0.3720,200.0000,200.0000,6.3720
0.3730,200.0000,200.0000,6.3720
0.3740,200.0000,200.0000,6.3720
0.3750,200.0000,200.0000,6.3720
0.3760,200.0000,200.0000,6.3720
0.3770,200.0000,200.0000,6.3720
0.3780,200.0000,200.0000,6.3720
0.3790,200.0000,200.0000,6.3720
0.3800,200.0000,200.0000,6.3720
0.3810,200.0000,200.0000,6.3720
0.3820,200.0000,200.0000,6.3720
0.3830,200.0000,200.0000,6.3720
0.3840,200.0000,200.0000,6.3720
0.3850,200.0000,200.0000,6.3719
0.3860,200.0000,200.0000,6.3719
0.3870,200.0000,200.0000,6.3719
0.3880,200.0000,200.0000,6.3719
0.3890,200.0000,200.0000,6.3719
0.3900,200.0000,200.0000,6.3719
0.3910,200.0000,200.0000,6.3719
0.3920,200.0000,200.0000,6.3719
0.3930,200.0000,200.0000,6.3719
0.3940,200.0000,200.0000,6.3719
0.3950,200.0000,200.0000,6.3719
0.3960,200.0000,200.0000,6.3719
0.3970,200.0000,200.0000,6.3719
0.3980,200.0000,200.0000,6.3719
0.3990,200.0000,200.0000,6.3719
0.4000,200.0000,200.0000,6.3719
0.4010,200.0000,200.0000,6.3719
0.4020,200.0000,200.0000,6.3719
0.4030,200.0000,200.0000,6.3719
0.4040,200.0000,200.0000,6.3719
0.4050,200.0000,200.0000,6.3719
0.4060,200.0000,200.0000,6.3719
0.4070,200.0000,200.0000,6.3719
0.4080,200.0000,200.0000,6.3719
0.4090,200.0000,200.0000,6.3719
0.4100,200.0000,200.0000,6.3719
0.4110,200.0000,200.0000,6.3719
0.4120,200.0000,200.0000,6.3719
0.4130,200.0000,200.0000,6.3719
0.4140,200.0000,200.0000,6.3719
0.4150,200.0000,200.0000,6.3719
0.4160,200.0000,200.0000,6.3719
0.4170,200.0000,200.0000,6.3719
0.4180,200.0000,200.0000,6.3719
0.4190,200.0000,200.0000,6.3719
0.4200,200.0000,200.0000,6.3719
0.4210,200.0000,200.0000,6.3719
0.4220,200.0000,200.0000,6.3719
0.4230,200.0000,200.0000,6.3719
0.4240,200.0000,200.0000,6.3719
0.4250,200.0000,200.0000,6.3719
0.4260,200.0000,200.0000,6.3719
0.4270,200.0000,200.0000,6.3719
0.4280,200.0000,200.0000,6.3719
0.4290,200.0000,200.0000,6.3719
0.4300,200.0000,200.0000,6.3719
0.4310,200.0000,200.0000,6.3719
0.4320,200.0000,200.0000,6.3719
0.4330,200.0000,200.0000,6.3719
0.4340,200.0000,200.0000,6.3719
0.4350,200.0000,200.0000,6.3719
0.4360,200.0000,200.0000,6.3719
0.4370,200.0000,200.0000,6.3719
0.4380,200.0000,200.0000,6.3719
0.4390,200.0000,200.0000,6.3719
0.4400,200.0000,200.0000,6.3719
0.4410,200.0000,200.0000,6.3719
0.4420,200.0000,200.0000,6.3719
0.4430,200.0000,200.0000,6.3719
0.4440,200.0000,200.0000,6.3719
0.4450,200.0000,200.0000,6.3719
0.4460,200.0000,200.0000,6.3719
0.4470,200.0000,200.0000,6.3719
0.4480,200.0000,200.0000,6.3719
0.4490,200.0000,200.0000,6.3719
0.4500,200.0000,200.0000,6.3719
0.4510,200.0000,200.0000,6.3719
0.4520,200.0000,200.0000,6.3719
0.4530,200.0000,200.0000,6.3719
0.4540,200.0000,200.0000,6.3719
0.4550,200.0000,200.0000,6.3718
0.4560,200.0000,200.0000,6.3718
0.4570,200.0000,200.0000,6.3718
0.4580,200.0000,200.0000,6.3718
0.4590,200.0000,200.0000,6.3718
0.4600,200.0000,200.0000,6.3718
0.4610,200.0000,200.0000,6.3718
0.4620,200.0000,200.0000,6.3718
0.4630,200.0000,200.0000,6.3718
0.4640,200.0000,200.0000,6.3718
0.4650,200.0000,200.0000,6.3718
0.4660,200.0000,200.0000,6.3718
0.4670,200.0000,200.0000,6.3718
0.4680,200.0000,200.0000,6.3718
0.4690,200.0000,200.0000,6.3718
0.4700,200.0000,200.0000,6.3718
0.4710,200.0000,200.0000,6.3718
0.4720,200.0000,200.0000,6.3718
0.4730,200.0000,200.0000,6.3718
0.4740,200.0000,200.0000,6.3718
0.4750,200.0000,200.0000,6.3719
0.4760,200.0000,200.0000,6.3719
0.4770,200.0000,200.0000,6.3719
0.4780,200.0000,200.0000,6.3719
0.4790,200.0000,200.0000,6.3719
0.4800,200.0000,200.0000,6.3719
0.4810,200.0000,200.0000,6.3719
0.4820,200.0000,200.0000,6.3719
0.4830,200.0000,200.0000,6.3719
0.4840,200.0000,200.0000,6.3719
0.4850,200.0000,200.0000,6.3719
0.4860,200.0000,200.0000,6.3719
0.4870,200.0000,200.0000,6.3719
0.4880,200.0000,200.0000,6.3719
0.4890,200.0000,200.0000,6.3719
0.4900,200.0000,200.0000,6.3719
0.4910,200.0000,200.0000,6.3719
0.4920,200.0000,200.0000,6.3719
0.4930,200.0000,200.0000,6.3719
0.4940,200.0000,200.0000,6.3719
0.4950,200.0000,200.0000,6.3719
0.4960,200.0000,200.0000,6.3719
0.4970,200.0000,200.0000,6.3719
0.4980,200.0000,200.0000,6.3719
0.4990,200.0000,200.0000,6.3719
